{"simulations": 10000000, "attack_units": {"1": {"defend_units": {"1": {"defend_loses_units": [0, 1, 2, 3], "count": [5832409, 4167591, 0, 0], "prob": [0.5832409, 0.4167591, 0.0, 0.0], "ci": [0.0, 0.0, 0.0, 0.0]}, "2": {"defend_loses_units": [0, 1, 2, 3], "count": [7453730, 2546270, 0, 0], "prob": [0.745373, 0.254627, 0.0, 0.0], "ci": [0.0, 0.0, 0.0, 0.0]}, "3": {"defend_loses_units": [0, 1, 2, 3], "count": [8265099, 1734901, 0, 0], "prob": [0.8265099, 0.1734901, 0.0, 0.0], "ci": [0.0, 0.0, 0.0, 0.0]}}}, "2": {"defend_units": {"1": {"defend_loses_units": [0, 1, 2, 3], "count": [4212832, 5787168, 0, 0], "prob": [0.4212832, 0.5787168, 0.0, 0.0], "ci": [0.0, 0.0, 0.0, 0.0]}, "2": {"defend_loses_units": [0, 1, 2, 3], "count": [4481804, 3240962, 2277234, 0], "prob": [0.4481804, 0.3240962, 0.2277234, 0.0], "ci": [0.0, 0.0, 0.0, 0.0]}, "3": {"defend_loses_units": [0, 1, 2, 3], "count": [6192403, 2548119, 1259478, 0], "prob": [0.6192403, 0.2548119, 0.1259478, 0.0], "ci": [0.0, 0.0, 0.0, 0.0]}}}, "3": {"defend_units": {"1": {"defend_loses_units": [0, 1, 2, 3], "count": [3403697, 6596303, 0, 0], "prob": [0.3403697, 0.6596303, 0.0, 0.0], "ci": [0.0, 0.0, 0.0, 0.0]}, "2": {"defend_loses_units": [0, 1, 2, 3], "count": [2925798, 3356310, 3717892, 0], "prob": [0.2925798, 0.335631, 0.3717892, 0.0], "ci": [0.0, 0.0, 0.0, 0.0]}, "3": {"defend_loses_units": [0, 1, 2, 3], "count": [3831496, 2645149, 2148318, 1375037], "prob": [0.3831496, 0.2645149, 0.2148318, 0.1375037], "ci": [0.0, 0.0, 0.0, 0.0]}}}}}