{
    "simulations": 450000000,
    "attack_units": {
        "1": {
            "defend_units": {
                "1": {
                    "defence_loses_units": [
                        0,
                        1,
                        2,
                        3
                    ],
                    "count": [
                        262508219,
                        187491781,
                        0,
                        0
                    ],
                    "prob": [
                        0.5833515977777778,
                        0.4166484022222222,
                        0.0,
                        0.0
                    ],
                    "ci": [
                        4.555120505359851e-05,
                        4.555120505359851e-05,
                        0.0,
                        0.0
                    ]
                },
                "2": {
                    "defence_loses_units": [
                        0,
                        1,
                        2,
                        3
                    ],
                    "count": [
                        335432765,
                        114567235,
                        0,
                        0
                    ],
                    "prob": [
                        0.7454061444444444,
                        0.2545938555555556,
                        0.0,
                        0.0
                    ],
                    "ci": [
                        4.0250405284680174e-05,
                        4.0250405284680174e-05,
                        0.0,
                        0.0
                    ]
                },
                "3": {
                    "defence_loses_units": [
                        0,
                        1,
                        2,
                        3
                    ],
                    "count": [
                        371877191,
                        78122809,
                        0,
                        0
                    ],
                    "prob": [
                        0.8263937577777778,
                        0.17360624222222223,
                        0.0,
                        0.0
                    ],
                    "ci": [
                        3.499661153557035e-05,
                        3.4996611535570354e-05,
                        0.0,
                        0.0
                    ]
                }
            }
        },
        "2": {
            "defend_units": {
                "1": {
                    "defence_loses_units": [
                        0,
                        1,
                        2,
                        3
                    ],
                    "count": [
                        189575855,
                        260424145,
                        0,
                        0
                    ],
                    "prob": [
                        0.42127967777777775,
                        0.5787203222222222,
                        0.0,
                        0.0
                    ],
                    "ci": [
                        4.5621486914129305e-05,
                        4.5621486914129305e-05,
                        0.0,
                        0.0
                    ]
                },
                "2": {
                    "defence_loses_units": [
                        0,
                        1,
                        2,
                        3
                    ],
                    "count": [
                        201726521,
                        145829522,
                        102443957,
                        0
                    ],
                    "prob": [
                        0.4482811577777778,
                        0.32406560444444443,
                        0.22765323777777777,
                        0.0
                    ],
                    "ci": [
                        4.594983592952151e-05,
                        4.3243272952239816e-05,
                        3.874296866491975e-05,
                        0.0
                    ]
                },
                "3": {
                    "defence_loses_units": [
                        0,
                        1,
                        2,
                        3
                    ],
                    "count": [
                        278703558,
                        114642830,
                        56653612,
                        0
                    ],
                    "prob": [
                        0.61934124,
                        0.25476184444444444,
                        0.12589691555555554,
                        0.0
                    ],
                    "ci": [
                        4.486242325304488e-05,
                        4.0259145045417356e-05,
                        3.06505792113001e-05,
                        0.0
                    ]
                }
            }
        },
        "3": {
            "defend_units": {
                "1": {
                    "defence_loses_units": [
                        0,
                        1,
                        2,
                        3
                    ],
                    "count": [
                        153130564,
                        296869436,
                        0,
                        0
                    ],
                    "prob": [
                        0.3402901422222222,
                        0.6597098577777778,
                        0.0,
                        0.0
                    ],
                    "ci": [
                        4.3777502896146646e-05,
                        4.3777502896146646e-05,
                        0.0,
                        0.0
                    ]
                },
                "2": {
                    "defence_loses_units": [
                        0,
                        1,
                        2,
                        3
                    ],
                    "count": [
                        131630302,
                        151116099,
                        167253599,
                        0
                    ],
                    "prob": [
                        0.29251178222222224,
                        0.33581355333333335,
                        0.37167466444444447,
                        0.0
                    ],
                    "ci": [
                        4.203210131526287e-05,
                        4.3635899127619666e-05,
                        4.4650217564996754e-05,
                        0.0
                    ]
                },
                "3": {
                    "defence_loses_units": [
                        0,
                        1,
                        2,
                        3
                    ],
                    "count": [
                        172355352,
                        119115782,
                        96606718,
                        61922148
                    ],
                    "prob": [
                        0.38301189333333335,
                        0.2647017377777778,
                        0.21468159555555555,
                        0.13760477333333335
                    ],
                    "ci": [
                        4.491530371174085e-05,
                        4.0762421973022856e-05,
                        3.7937622384950624e-05,
                        3.182876121881974e-05
                    ]
                }
            }
        }
    }
}